catalystWeigth,temperature,p,Ta,F_Ph,F_H2O,F_CO,F_H2,F_CO2
0,-1.2163250121624096e+28,-1.8010965585865667e+165,-1.737655034128349e+21,-4.655184779138471e+28,-2.3275923895692355e+29,2.7931108674830827e+29,3.724147823310777e+29,0.01745404230823734
