Run,Normalized Volume,Normalized Selectivity,Normalized Conversion,Overall Efficiency
0,0.9090909090909091,1.0,0.9444444444444444,2.853535353535354
1,1.0,0.9166666666666666,1.0,2.9166666666666665
